scaffold,coverage,stdev
1,15.2511,9.82114
2,0.0124188,0.150522
3,18.4349,10.4674
4,6.45351,4.46148
5,3.78837,3.03762
6,6.25512,3.68351
7,3.18806,2.76279
8,754.893,333.568
9,688.603,270.84
10,16.6481,8.56645
11,4.86751,3.86955
12,6.02316,3.66157
13,748.602,276.13
14,6.10986,3.37017
15,658.726,243.017
16,6.68595,3.60362
17,6.47311,3.49826
18,0.0119814,0.262268
19,14.8933,8.12189
20,0.0105986,0.141177
21,5.56206,3.37921
22,0.00856502,0.123765
23,0.0245322,0.190753
24,7.40124,5.06895
25,0.00383682,0.0875153
26,6.52034,3.55859
27,0.0355302,0.406829
28,3.57127,2.88984
29,6.22004,3.41287
30,5.62701,4.00341
31,6.05773,3.40726
32,599.992,297.554
33,5.89181,3.44754
34,6.70334,4.22239
35,3.97394,3.01401
36,3.73087,2.88645
37,3.4421,2.88192
38,3.70149,2.83566
39,3.7151,3.05058
40,5.294,3.91502
41,19.9562,10.7281
42,5.94421,3.55162
43,17.332,10.0587
44,5.45604,3.56378
45,3.67182,2.87523
46,15.614,8.34202
47,0.00601382,0.0773153
48,6.92138,4.45412
49,6.1625,3.32462
50,3.75347,2.79685
51,6.92887,4.43308
52,674.185,279.297
53,0.00136182,0.0521707
54,6.45005,3.98063
55,5.64173,3.9493
56,3.85939,3.11903
57,17.2948,9.20431
58,5.95551,3.7984
59,6.4517,3.54458
60,0.00693496,0.111658
61,20.5677,10.0771
62,3.76322,2.93128
63,3.22198,2.74556
64,6.83421,3.73078
65,0,0
66,6.81742,4.61208
67,3.12173,2.61544
68,5.20156,3.70877
69,584.053,265.673
70,4.79128,3.70621
71,6.68899,4.92179
72,3.80006,2.81388
74,7.25918,4.43137
75,6.49025,4.14485
76,5.73485,4.80736
77,600.414,286.64
78,5.92026,4.24175
79,14.1131,9.20409
80,4.42597,3.49847
81,3.64296,2.89191
82,3.25145,2.70783
83,4.74108,3.79358
84,726.717,281.341
85,5.94092,4.26545
86,6.52067,4.28452
87,5.23252,4.56905
88,6.9514,4.07466
90,15.6804,8.04852
91,6.51534,4.4125
92,15.4838,8.91371
93,14.1609,8.2226
94,3.70498,2.88793
96,689.16,301.087
97,3.75821,2.93305
98,4.29628,2.82075
99,7.15488,4.72385
100,0.0120723,0.137072
101,3.80109,2.92847
102,3.88419,3.18685
103,3.58048,2.81067
104,7.96081,4.47529
105,6.73648,5.01618
107,653.115,282.312
108,7.52273,3.88559
109,0.0547455,0.398826
110,3.6746,2.72648
111,0.015592,0.268916
112,7.68791,4.58216
113,3.5453,2.73554
115,7.13708,5.92338
116,4.02778,3.03701
117,5.84854,4.27881
118,619.731,277.138
119,511.739,307.378
121,6.2004,3.67214
122,12.8652,7.649
123,27.2843,14.4449
124,0,0
125,1.30313,1.46358
126,4.14538,3.26984
128,5.11439,3.77196
130,5.9845,4.85627
132,4.9462,3.27586
133,6.11482,4.01842
137,0,0
138,6.32251,4.17439
139,605.901,221.115
140,16.4037,9.3282
142,6.15,4.62016
143,5.1132,3.88381
144,3.46468,2.92653
145,5.53794,3.33938
147,3.19998,2.59963
148,511.34,298.788
150,0.014436,0.156397
152,0,0
153,6.25338,4.18291
154,3.81789,2.75193
155,7.5375,4.04329
157,3.73526,2.78116
158,0,0
159,0.0153599,0.162956
160,5.80645,3.43733
161,6.79189,3.33326
164,7.29349,4.52808
165,6.35882,3.48682
166,5.98091,3.22941
168,7.15618,4.69142
170,6.83258,4.47616
172,5.34487,3.58262
174,4.01471,3.14576
176,3.55344,3.07509
177,0,0
178,3.54339,2.50708
179,758.723,264.993
180,5.23772,3.48671
183,6.2672,3.94622
184,214.012,94.7459
185,6.51504,4.28148
186,2.04697,2.24186
187,632.791,294.123
189,6.99314,4.35297
190,6.71735,4.52958
193,4.78276,3.24967
195,5.13161,3.57809
196,4.49466,3.16547
197,5.66958,3.51123
199,2.79263,3.52881
201,5.49329,3.27628
203,5.00345,3.28066
204,63.6697,30.6374
205,3.43407,2.86556
206,3.0447,2.5808
207,3.2887,3.21238
209,6.91777,4.0281
210,0,0
211,0.00489375,0.0988107
212,3.02691,2.60046
213,18.4938,11.6217
216,7.51117,4.49773
217,3.7665,2.88971
218,1.35111,1.76684
219,16.9794,8.23434
220,3.61069,2.68893
223,3.56272,2.99975
226,30.4782,12.9989
228,4.71951,3.79736
230,3.72511,2.85775
233,4.38117,2.93061
235,6.82243,4.52145
237,3.90743,2.95532
239,5.49,3.94
241,14.5884,9.26515
242,5.38472,4.53132
243,4.88695,4.32476
244,2.97115,2.33578
246,6.28074,4.85969
248,2.75964,2.73902
249,5.44353,3.40928
252,73.6286,35.3202
253,3.65894,3.01476
256,1.24725,1.48942
258,0.734684,1.172
261,6.60064,5.00656
263,0.980284,1.35531
264,3.61396,3.08771
265,4.40563,3.52903
266,4.76874,3.73138
267,5.58794,3.83445
269,1.0466,1.66655
271,4.86169,3.55101
272,2.58287,2.49761
273,1.42696,1.74719
278,6.44576,3.49842
279,50.8383,35.2863
280,4.5982,3.48126
281,4.84242,4.21623
282,6.4623,4.27725
284,4.37781,3.62126
288,0.695917,1.09682
291,718.676,288.569
292,5.81529,4.32115
294,3.34224,2.68904
296,2.60312,2.58652
299,6.22086,4.92788
300,9.87364,9.77219
304,3.1097,2.76835
305,5.15177,3.72632
307,5.9243,3.38026
308,6.34105,4.23656
315,6.41474,3.3452
316,5.94448,4.67728
317,5.29644,4.18962
324,9.23832,6.31341
326,541.665,351.784
327,14.5424,7.35318
330,4.51714,2.98087
336,3.9367,3.17759
339,238.571,98.6218
344,5.18688,3.36803
346,3.05969,2.55376
347,150.296,88.666
348,5.76443,4.62708
351,5.03213,3.17895
353,3.37591,2.61321
355,1.46781,1.98693
356,5.24863,3.71193
360,5.51714,5.78779
362,533.394,263.321
370,3.77288,2.88007
372,5.64006,3.34912
375,4.3335,3.52232
376,4.79586,3.57047
377,3.55737,3.04665
381,2.98856,2.43339
382,22.8088,10.9064
384,1.86001,1.91866
385,4.46419,2.76221
389,3.35361,2.9137
390,5.84444,4.25837
391,6.97905,4.14979
392,3.76944,2.85629
395,5.76622,3.84703
397,95.1985,38.4314
399,5.40132,3.59276
401,4.82377,3.34503
402,6.38271,4.36486
406,0,0
410,33.4896,22.9619
413,2.77243,2.18908
421,4.24317,2.91345
424,284.881,214.396
427,4.75614,3.37586
429,4.94044,3.8603
434,3.84254,2.69416
435,0,0
436,5.62577,3.24146
438,4.97496,3.05101
439,1.12816,1.33032
440,15.9481,9.86
443,359.054,275.155
446,6.24579,4.1694
448,19.8031,12.0537
449,3.58916,3.29314
450,6.01288,3.95866
451,6.51022,4.28687
452,5.87574,4.03151
453,53.2716,16.8732
454,4.90108,3.35843
456,5.5644,4.45018
458,6.89264,4.37778
459,3.86106,3.16845
463,639.775,249.929
464,18.8437,15.0794
465,0,0
466,773.91,270.612
468,0.713457,1.14222
469,1.26214,1.8523
472,7.16012,4.62406
474,11.0076,6.54705
479,4.82069,3.76111
482,3.84613,2.98911
486,1.29784,1.61174
487,5.30646,3.0538
492,7.09362,4.61818
495,2.74653,2.13859
499,1.78866,2.37834
505,3.68909,2.88464
510,15.7047,13.4877
511,82.6826,48.5734
515,613.401,234.904
517,3.95763,3.38136
520,3.32474,3.12452
527,3.74144,2.77401
531,5.41376,3.61837
534,4.00342,3.50197
535,697.557,280.535
536,2.83667,3.87003
541,6.0226,3.48173
542,4.44463,3.21934
546,4.19107,2.88827
548,4.66352,3.20933
549,3.8189,2.81851
553,8.68098,3.99527
555,2.05213,2.24653
556,48.7428,27.0934
557,3.51412,2.62069
561,4.45422,3.57717
565,945.425,258.397
567,3.27488,2.61379
569,3.83333,3.02353
571,3.31714,2.48547
577,5.66417,3.73596
581,2.87589,2.0253
585,7.76193,5.67613
594,2.95729,2.5631
599,23.356,11.5764
611,22.4202,9.83426
612,64.6795,35.6904
615,4.12335,3.30671
617,5.69642,4.49036
622,6.43151,5.77967
625,7.51575,9.96082
626,0,0
629,25.564,12.6725
630,1.64748,1.69085
632,3.00585,2.81351
635,6.55261,4.16381
636,7.31565,4.95754
641,4.01698,2.9681
642,4.9794,3.39744
643,3.23666,3.04986
655,3.8929,3.36703
657,449.512,348.978
658,130.761,86.3714
667,1.16338,1.66453
669,9.37418,5.64628
674,3.79243,3.31419
675,3.21979,2.50855
679,8.11832,5.04948
681,9.50591,6.09488
682,6.52474,4.10073
686,5.92108,4.41074
687,0.613866,0.937214
691,6.13554,3.69285
697,0.984348,1.56317
698,5.73062,3.43583
699,39.0282,17.6855
700,8.00635,6.19935
707,1.5345,1.81552
708,6.69002,3.75626
710,5.82654,3.7924
712,4.03401,3.32842
713,2.73232,2.43658
715,5.33723,3.01099
716,0.753313,1.474
717,2.07809,1.99073
727,5.22161,3.41089
731,5.86027,3.72179
732,5.45676,3.49755
734,2.73001,2.17067
739,14.2359,5.95994
742,3.34205,2.63119
744,0,0
745,16.7814,27.6339
746,6.20317,3.67903
751,6.86856,3.77126
754,6.34071,3.58914
756,5.5555,4.41903
764,5.84347,4.16686
769,4.71141,2.93648
772,1.86547,2.36204
777,4.00092,3.00447
779,6.4369,5.90605
781,8.53664,7.37691
783,1.98684,2.23866
784,4.79623,2.48324
786,6.23351,3.49132
787,285.325,136.709
788,3.43295,2.49596
789,5.98348,2.70395
791,3.25365,2.25762
792,6.55467,4.86434
798,1.56556,1.72069
802,4.12258,3.62254
803,5.42618,4.52254
807,14.0457,6.29516
812,2.25071,2.5504
814,4.20087,4.25988
815,5.41427,3.28324
828,4.70941,2.60701
830,3.36113,2.74205
831,1.91882,2.30084
832,8.44425,10.1342
835,53.1774,17.3579
838,1.65603,1.87519
840,3.70947,3.11772
841,0.22207,2.85692
846,18.6103,9.11944
848,411.019,182.402
854,7.19042,5.36273
857,24.4714,10.5349
862,7.9046,5.69501
864,1.9968,1.96616
865,3.03216,2.52701
867,5.92647,3.81587
872,1.92949,1.96252
883,3.62482,3.12629
884,6.30658,3.63386
886,6.87012,4.19536
887,331.708,201.621
890,5.00628,3.79902
891,38.2935,18.9202
892,5.27882,3.41952
893,163.523,76.3698
896,3.74497,3.28837
899,233.881,138.946
903,5.41495,3.45694
905,5.91452,4.05202
908,5.3686,4.73509
910,5.18869,3.55118
917,54.0314,25.0404
918,5.58322,4.35735
920,4.54144,2.85827
925,7.10757,4.6123
929,7.01083,4.17988
930,5.91836,4.32317
933,7.53371,4.90573
935,5.24562,3.30687
940,4.86707,3.10678
946,2.3043,1.87762
947,5.55684,2.89146
954,1.696,2.00699
955,1.24246,1.01189
959,1.20404,1.65302
969,5.65385,3.36592
971,7.34266,4.5976
972,5.89622,3.82594
975,215.987,75.7922
977,2.85132,2.36243
979,0,0
983,2.59184,1.73307
985,3.42516,3.27515
988,122.322,48.3564
990,3.00367,3.2091
1004,5.16783,3.90971
1005,2.96335,3.22535
1007,2.85369,2.64343
1011,7.02185,3.99644
1015,3.81185,3.1047
1016,0.0525119,0.274667
1021,47.2326,20.8956
1026,6.64536,3.44314
1028,6.41417,5.02173
1030,4.37652,4.43411
1031,108.93,45.3362
1035,1.64227,1.8832
1036,7.1634,6.1238
1041,5.57311,5.05622
1042,5.84692,3.13662
1043,4.3312,2.0767
1048,5.7146,3.95364
1052,4.01511,3.2911
1053,6.88263,5.98313
1055,3.71224,2.93133
1058,4.32578,3.34501
1062,5.70097,4.13149
1065,9.95973,3.80471
1068,4.799,3.97932
1069,7.80252,5.00119
1071,56.8125,39.9451
1073,3.44021,2.52577
1075,7.61951,4.64074
1078,4.101,2.53731
1081,42.1046,50.3986
1090,9.21233,4.27461
1091,5.37007,3.16082
1092,1.9631,2.34837
1096,1.1092,1.50489
1097,0,0
1098,42.9979,21.5374
1106,5.39623,3.88085
1107,7.23244,4.26442
1108,5.17185,3.47945
1113,32.1682,49.7027
1114,3.58045,3.25043
1116,3.39442,2.36078
1117,3.02259,2.70563
1118,5.90427,4.61865
1119,6.63784,5.32725
1120,2.65645,2.59639
1128,6.50281,4.30663
1130,571.416,252.542
1131,4.97332,2.98745
1137,3.59607,3.02579
1142,2.9682,2.62554
1144,6.87155,4.33055
1145,5.78183,2.84862
1156,3.11754,3.0571
1160,2.03567,2.09281
1162,7.13345,4.21555
1171,0.0837113,0.390692
1174,2.6508,2.00576
1180,4.12128,2.29635
1186,75.6085,22.3437
1192,0.93142,1.35621
1194,1.63487,1.94885
1196,2.39438,2.36235
1197,2.02257,2.28051
1198,2.57773,2.78445
1200,2.55726,2.22378
1203,7.56494,3.79158
1204,2.42061,1.61046
1206,5.13637,3.46971
1208,1.61327,1.51786
1209,4.36521,3.29006
1211,0.31275,0.600886
1221,4.95085,3.44767
1222,30.5314,15.9877
1230,7.49366,4.94495
1233,0,0
1234,347.397,130.825
1237,196.756,104.172
1242,152.027,101.099
1247,25.0951,12.4304
1249,229.601,158.817
1251,7.43298,5.58074
1260,9.36095,4.26116
1261,6.82031,3.9177
1268,7.36915,3.95895
1273,2.82051,2.63113
1277,3.46319,2.98815
1280,3.14322,3.07446
1281,6.74432,5.45448
1282,5.01165,3.95234
1289,4.21878,2.6671
1291,6.80728,3.41981
1302,6.97518,3.96594
1303,6.21443,3.54691
1312,7.84888,4.10555
1313,2.6424,2.44158
1315,3.35688,3.9218
1316,2.9586,2.39503
1317,2.19214,1.93939
1318,0.960257,2.02037
1320,7.05079,5.17842
1325,22.2377,30.3596
1326,4.19017,2.6696
1327,1.58426,2.06698
1333,1.98576,2.19329
1336,2.67095,2.33961
1338,2.05343,2.25821
1348,6.7606,4.93763
1350,105.818,37.2523
1352,307.457,98.8241
1358,1.76649,2.00351
1359,7.37436,4.29497
1364,5.12245,4.2077
1365,8.93471,5.60846
1366,3.9664,2.78313
1367,3.35255,2.78114
1380,5.08617,2.94118
1390,5.61914,3.98674
1393,0.52535,0.846581
1404,7.96595,4.67657
1410,5.87691,3.81316
1412,1.465,1.46842
1417,2.99439,2.5973
1427,6.63598,3.84812
1432,356.583,118.353
1433,0.721144,1.1056
1448,195.163,92.6993
1456,4.84192,2.70776
1460,9.58871,5.59284
1463,5.90343,3.65621
1475,6.30077,2.78291
1476,6.5558,4.94765
1480,9.5959,4.35362
1482,2.84676,2.4949
1487,0.479437,0.691823
1493,8.75004,4.57885
1496,5.01842,3.35943
1497,4.63038,2.7453
1501,186.148,70.6102
1512,0,0
1515,9.28436,5.48038
1523,5.52123,3.12208
1527,3.10548,2.49112
1529,3.15437,2.44449
1534,4.74031,3.51598
1535,3.70514,2.64568
1536,2.23278,1.95755
1542,0,0
1548,6.17276,3.8489
1552,5.65717,4.34769
1557,3.7171,3.63649
1563,3.34677,2.51023
1564,7.71189,5.33118
1589,5.63721,3.25489
1604,4.84427,3.70573
1625,2.22372,2.4893
1627,3.19134,1.88462
1628,2.19608,1.81162
1631,4.2829,3.41087
1636,3.34043,2.41792
1639,1.71924,1.6184
1641,4.79945,4.16372
1643,7.85291,3.61856
1657,1.0946,1.35615
1659,0.689983,1.08408
1660,1.71843,1.88873
1669,6.19976,4.04608
1671,1.40799,1.39005
1674,5.89075,3.69457
1685,23.3033,11.0138
1687,1.31205,1.8774
1688,7.1505,3.23729
1697,0,0
1698,2.6642,2.22929
1701,233.46,63.6654
1744,59.1255,50.9178
1746,0.863021,1.24778
1749,2.88315,2.57134
1752,5.02623,4.23691
1755,1.68842,1.98724
1757,1.30747,1.71789
1784,6.7192,3.61208
1790,26.774,18.0217
1795,5.02141,2.96386
1800,6.49408,4.53624
1807,5.14884,3.76819
1810,1.49496,1.72743
1811,70.1418,38.6819
1817,6.34263,4.46987
1818,0.996445,1.42902
1828,1.3168,1.37677
1831,6.3356,4.9705
1833,7.38357,3.56941
1846,3.07461,2.21161
1847,4.77628,3.23561
1853,2.18894,1.88624
1856,6.36717,5.6452
1858,6.48752,4.53326
1862,6.41336,3.28362
1876,2.62512,2.74056
1877,4.46276,3.06736
1883,2.38151,2.3193
1886,4.94011,2.87992
1898,1.51174,2.29975
1903,5.94625,3.94433
1950,0,0
1958,8.45957,4.07893
1970,3.38787,2.37401
1996,3.94388,1.77727
1999,7.41038,5.12634
2000,5.80712,6.13641
2002,4.25631,3.37619
2003,3.28254,2.1006
2011,5.56282,4.16588
2016,7.50992,4.03315
2027,24.5534,10.172
2028,3.61149,2.15614
2037,23.7628,6.92081
2048,6.95078,5.15523
2049,0.965732,1.66756
2056,2.16073,1.83219
2065,23.3438,6.94462
2076,3.3618,3.21055
2078,6.34964,5.10349
2090,3.13817,2.91616
2092,1.93715,1.75335
2099,6.41301,3.57162
2100,1.03323,1.30592
2114,6.81204,5.14287
2115,3.81512,2.25558
2117,4.21461,2.93271
2119,5.17582,3.15584
2123,6.04697,6.28712
2136,5.05777,3.66893
2138,0,0
2142,5.42141,4.28448
2174,5.81573,3.54283
2177,2.16286,2.30508
2181,1.58993,1.63901
2184,0.773736,1.21686
2187,2.05285,2.42559
2191,6.79955,4.22975
2192,4.50513,2.66696
2193,4.65455,2.94568
2197,37.9267,22.3899
2201,3.76439,2.86627
2210,2.31978,2.13236
2214,8.29359,3.7437
2226,8.24859,4.68226
2250,5.42578,2.83523
2254,21.5617,13.7264
2261,5.16533,2.8364
2266,5.8315,4.71383
2267,4.99222,2.55201
2271,1.28797,1.24566
2291,1.08888,1.35097
2294,5.12897,4.05663
2304,141.761,75.1043
2313,1.09139,1.21366
2315,36.3787,28.508
2320,6.21246,3.09436
2321,5.3376,3.30211
2323,86.6401,29.9444
2324,5.61453,2.98357
2325,0.77079,1.06163
2330,1.56056,2.1499
2351,3.34409,2.71292
2367,4.89787,3.38392
2371,0,0
2373,132.919,61.5638
2375,5.11788,5.49591
2385,2.25036,2.3587
2408,2.2231,2.08321
2414,7.22126,3.9143
2419,205.49,71.8132
2442,1.13992,1.23367
2443,9.80339,5.67499
2448,6.525,3.53881
2451,0,0
2457,9.4742,5.05689
2466,1.32716,1.21515
2470,1.45829,1.27622
2476,6.48423,2.74286
2489,0.72801,0.886135
2505,152.937,111.327
2506,12.0346,7.00885
2507,6.35882,4.2466
2511,2.666,2.27602
2513,8.13357,5.67697
2514,0,0
2515,7.29757,1.9805
2523,3.5858,2.44675
2526,5.53652,4.5828
2544,2.66933,2.13893
2545,1.59875,1.78422
2552,2.80211,1.91039
2556,55.0663,24.5299
2567,4.29992,2.04121
2569,3.39379,2.92584
2595,27.7641,11.6366
2614,12.7338,7.2391
2616,0,0
2620,6.45866,2.9758
2636,3.78935,3.38222
2643,91.4236,28.9978
2645,3.89696,2.96323
2646,9.71992,4.30667
2647,13.3672,8.27475
2649,0,0
2651,2.12829,2.12984
2655,3.13201,1.7883
2658,2.92322,2.14509
2667,6.49493,2.31637
2673,3.0633,2.46917
2683,5.25026,3.28794
2689,1.96878,1.96969
2708,2.78358,1.88215
2716,2.89024,2.05076
2729,2.64096,2.74546
2736,1.26033,1.35933
2746,1.59444,1.45135
2750,0.151645,0.525116
2777,2.27763,2.57429
2796,41.3948,19.1861
2806,3.19706,2.21647
2812,4.82906,2.90432
2817,1.35788,1.58506
2828,1.20553,1.51336
2834,7.88575,4.22988
2840,3.34221,2.63901
2869,5.31534,3.00368
2874,1.47739,1.45781
2876,8.2779,4.43776
2890,0.694351,0.961933
2911,4.62866,3.23964
2931,95.7905,32.9651
2942,4.55224,2.9535
2948,0,0
2954,2.99943,3.24932
2964,3.3382,2.15079
2966,22.6316,15.9477
2988,4.6731,3.48034
3005,4.24754,3.53904
3014,2.62453,1.89271
3056,4.77503,4.38859
3058,22.1706,16.4954
3064,5.4088,3.43436
3069,117.007,49.6121
3070,6.4246,3.25336
3084,4.4396,9.15767
3092,4.61998,3.17018
3106,5.40777,4.62242
3111,3.85856,3.5491
3119,8.2242,2.97669
3126,4.99699,2.51447
3128,1.43965,1.43059
3132,13.9263,7.97209
3150,0.954215,1.15191
3202,3.75008,4.02
3206,0,0
3219,5.81664,3.98456
3234,36.0145,24.8755
3237,7.65997,4.09047
3241,8.2623,6.20127
3243,7.0619,3.64841
3245,3.46594,1.81478
3253,9.0273,5.98368
3255,2.15172,2.08111
3264,4.75902,10.5785
3279,2.74352,1.99095
3285,12.5902,7.55669
3289,2.25204,2.24592
3306,21.6738,14.1793
3311,5.82401,3.89511
3325,67.8012,35.6513
3328,16.7557,10.1749
3331,7.61785,4.97277
3332,3.35653,12.4009
3337,3.75875,3.88132
3354,4.4223,2.61238
3362,289.213,108.988
3368,672.746,208.417
3376,4.90853,1.68731
3379,1.55284,1.43112
3385,0.291062,0.573555
3398,3.07548,2.66225
3401,6.6846,4.7933
3408,1.45596,1.12427
3409,2.37049,2.98287
3418,3.69674,2.46531
3435,8.21171,3.73492
3439,7.09267,4.71051
3442,3.90501,1.82321
3444,2.50426,1.7427
3450,10.4731,5.33375
3456,5.8239,3.69691
3508,2.24012,2.22493
3516,2.80539,2.79418
3523,3.3037,2.18546
3526,4.006,3.06892
3533,7.53856,4.42592
3546,2.19558,2.1429
3556,2.11846,2.31302
3574,4.38233,3.46042
3576,46.6016,12.971
3589,4.77996,2.29885
3598,5.23312,2.82211
3627,2.48839,3.47265
3643,3.13182,2.9767
3656,7.34217,4.53656
3662,1.66058,1.4648
3665,9.84759,4.59957
3666,3.42152,3.31464
3667,11.6308,4.6038
3679,1.75389,2.05733
3686,4.35655,2.05959
3692,1.28675,1.73504
3707,1.78825,1.9727
3712,2.677,2.43505
3727,7.21369,4.08376
3733,1.49458,1.14323
3735,2.94365,2.22814
3755,2.23347,2.45286
3772,2.0769,2.22914
3778,5.95724,6.81683
3788,3.79844,2.99429
3804,11.0587,7.27855
3809,4.86975,4.16682
3812,4.91702,2.57382
3813,6.85933,3.85036
3819,1.70873,1.95174
3822,1.71969,1.97232
3828,2.19636,1.73257
3837,7.03293,3.36074
3852,1.50664,1.44487
3866,4.90267,2.77735
3867,5.23071,5.00426
3879,1.90402,1.93479
3890,3.62663,3.67457
3899,0,0
3917,3.19971,3.73002
3924,4.7779,3.70304
3925,3.95499,1.49343
3929,2.1641,1.49192
3938,2.70595,3.16503
3943,3.05551,2.67344
3952,3.1488,3.06684
3963,2.35216,2.46916
3974,2.37477,1.60896
3980,0.630604,0.924876
3984,5.84792,2.53986
3992,4.83946,2.11458
4003,5.25056,4.08721
4007,6.24031,4.98403
4010,8.39351,4.74001
4027,20.3282,12.1673
4031,12.967,5.99528
4037,3.71772,2.35541
4046,5.14146,3.10579
4058,3.56658,2.4092
4067,3.53217,2.17182
4072,0.907576,1.34297
4078,10.6797,5.967
4100,0,0
4128,0.922222,1.38785
4129,5.11686,5.75933
4145,4.61254,2.82317
4166,0.460262,0.596384
4167,2.29846,1.85895
4168,1.34286,1.75349
4182,4.29721,2.70475
4186,3.73055,2.66975
4195,1.64017,1.97366
4211,1.05839,1.4196
4229,3.41663,2.89734
4236,28.3128,20.691
4262,1.05794,1.94226
4279,0,0
4298,8.98253,3.7538
4322,2.0419,2.60981
4326,2.19848,2.62578
4353,2.27773,2.10812
4373,1.24294,1.99614
4376,13.0004,7.11088
4390,6.42267,3.10392
4392,3.68206,2.26597
4421,5.53608,3.92812
4431,544.864,185.993
4438,6.37449,2.70708
4450,1.31585,1.4431
4455,3.51393,3.53713
4456,6.06189,3.9748
4457,2.06721,2.99145
4480,3.99959,4.82112
4529,4.83049,4.30991
4553,1.31553,2.10448
4560,24.2367,15.4626
4590,4.66653,3.70283
4596,3.89259,1.74243
4599,11.9048,4.64285
4625,3.81364,2.51181
4638,5.85823,2.91843
4646,9.34749,3.93197
4660,1.99404,1.96995
4680,2.20607,1.99215
4686,0.770878,1.00671
4731,2.8604,3.43843
4736,3.23253,3.11719
4741,1.58402,1.60781
4752,4.58398,3.5831
4762,2.19419,1.91508
4768,0,0
4783,7.13559,4.35634
4789,1.3104,1.33694
4794,5.30109,4.3065
4817,7.24803,3.3621
4826,2.82384,2.51439
4846,1.13714,1.27067
4851,0.862357,0.974142
4880,5.37958,2.68405
4885,0,0
4900,5.94149,2.90025
4901,2.66312,3.35146
4943,7.12098,3.81317
4948,1.29924,1.79567
4952,3.88963,3.91028
4978,2.49035,1.84615
4995,0.93795,1.31357
5019,1.3207,1.91462
5034,5.81855,3.17401
5044,6.01676,3.20118
5091,4.68433,2.86445
5092,3.23847,2.72004
5094,2.95612,2.35511
5112,1.11738,2.32917
5137,7.81483,4.32541
5141,4.84286,2.64727
5166,5.03005,3.56597
5185,0,0
5233,0,0
5241,4.61254,3.90068
5246,1.54728,1.7865
5247,4.41433,3.48366
5265,2.42261,2.40682
5278,0,0
5296,2.25554,1.91836
5297,4.21924,1.63286
5298,1.55446,1.53137
5304,2.11562,1.81737
5366,16.5205,5.81502
5374,5.96562,3.32278
5382,6.74904,3.39393
5397,0.575743,0.684555
5412,6.84686,3.05339
5420,3.09226,1.63019
5421,1.63191,1.76626
5423,520.132,173.932
5435,0.795476,1.20435
5441,4.92393,3.52172
5442,1.73327,1.91919
5449,4.81744,2.67687
5468,5.39739,2.3803
5478,129.381,62.6961
5493,4.93068,2.09136
5494,4.9365,2.25718
5495,3.31911,2.38997
5533,19.6655,9.98738
5538,3.41386,3.27427
5580,30.9951,22.283
5586,7.0972,3.7702
5590,1.74214,1.60329
5707,4.16416,2.69469
5710,28.0821,8.71764
5726,81.2034,29.3434
5733,8.59326,4.22125
5787,7.59848,2.66649
5805,4.42364,1.65111
5811,6.95835,2.58218
5829,4.92363,4.24891
5833,0,0
5847,2.8586,2.57683
5849,4.4096,2.21628
5866,4.77533,2.43612
5870,3.34357,2.009
5883,1.6386,4.09472
5910,113.289,67.2584
5918,2.43321,2.39844
5932,4.77726,3.8867
5939,6.03104,3.30312
5957,188.321,52.4032
5968,8.18295,5.47464
5970,108.699,40.3938
5980,5.90469,3.9067
6073,3.2591,2.52959
6129,0,0
6138,3.47153,1.98266
6139,1.11016,1.29275
6144,4.20873,4.09773
6145,1.78435,1.83848
6156,0.477079,0.801123
6161,5.50053,3.75479
6176,2.90433,1.69633
6187,9.76606,2.80188
6193,13.0332,3.11191
6291,14.255,6.31366
6292,0.914813,0.828031
6297,22.6697,16.2841
6309,0,0
6391,5.3115,4.48723
6413,0.627137,0.926994
6421,4.16842,1.68201
6422,3.14964,4.36089
6533,0.653933,0.973475
6557,8.30592,6.44504
6637,4.65321,4.46504
6638,7.52985,5.86479
6655,5.69191,4.7811
6659,11.3985,6.79528
6680,1.06571,2.22344
6724,0,0
6757,0.552799,1.04554
6784,5.45949,2.0704
6804,2.97158,2.67731
6826,26.3461,8.72344
6828,9.44005,8.89302
6865,0,0
6868,4.84912,2.47267
6884,102.605,43.5745
6926,2.05588,2.02044
6951,4.5112,3.01664
6952,5.86321,3.12536
6970,5.00473,2.50133
6971,3.39622,2.27143
6986,0.525755,0.74805
6987,2.7833,2.04373
6998,6.34045,2.16882
6999,1.05694,0.985221
7005,4.20237,2.11003
7027,9.64069,5.07663
7038,8.31566,6.15613
7108,1.77791,1.86936
7115,1.57958,1.76106
7116,4.09369,1.89948
7125,2.27601,2.42535
7136,2.31306,1.81989
7137,26.3865,8.32837
7165,6.00604,1.95325
7216,10.664,4.57217
7225,3.55434,2.51732
7263,146.196,82.815
7280,0.199023,0.598695
7323,5.15215,2.5779
7371,6.72688,4.99235
7384,12.966,5.12988
7453,163.526,86.5251
7486,6.82034,4.17552
7556,5.16415,2.54397
7575,8.82609,2.85923
7586,65.788,18.5672
7617,2.97407,1.44342
7655,2.76079,2.1635
7672,7.58386,4.35061
7700,2.44133,2.41997
7703,4.06765,3.01526
7732,3.238,1.34594
7733,6.84261,2.66194
7764,1.07445,1.30304
7807,2.30541,3.00357
7877,7.6284,5.58243
7878,4.04475,1.65742
7900,4.68941,2.68337
7911,1.54977,1.44616
7922,5.56221,4.14004
7933,26.4941,10.4049
7937,4.09393,2.18135
7955,0,0
7981,7.11584,3.43207
8040,2.98553,1.918
8063,3.10752,2.73035
8085,0.782551,1.12693
8104,6.78543,2.74628
8131,4.65339,3.48675
8167,11.6203,7.83888
8194,7.08617,2.89609
8212,52.2114,21.8741
8218,11.1365,4.23618
8221,2.73208,1.56074
8245,4.23506,3.0286
8246,1.80188,1.95767
8265,31.0074,16.9764
8279,5.20135,3.28662
8350,0,0
8414,1.08384,1.13526
8415,4.13361,2.74325
8442,0.247606,0.431622
8467,5.31049,2.38288
8479,9.52231,3.83044
8495,1.41128,1.36976
8496,5.05158,2.82418
8539,58.018,27.4282
8657,19.4472,6.18816
8667,7.6986,4.85792
8675,9.71868,3.25786
8689,5.23739,3.50155
8730,4.75772,5.00599
8755,2.73469,1.68258
8786,5.84485,3.8037
8868,3.08298,1.80921
8896,10.801,5.59497
8907,7.36913,4.14559
8940,22.6883,21.5547
8952,0,0
8961,3.49321,1.48562
9022,10.9009,3.85061
9029,2.08621,1.31188
9051,2.88049,3.26997
9099,6.50687,3.91723
9127,3.28986,3.10283
9173,7.05236,4.58553
9186,2.77875,2.26529
9203,10.8819,4.98078
9212,4.20204,2.78097
9266,2.17729,1.85502
9267,2.70549,3.11179
9272,166.668,111.368
9305,21.3042,16.6474
9306,9.29831,3.96225
9326,24.089,5.42866
9350,27.2498,7.54433
9406,1.75648,1.62987
9416,12.9652,10.3345
9538,6.45665,3.0102
9554,518.115,309.551
9576,0,0
9577,7.24944,2.42458
9608,0,0
9699,0,0
9706,25.2133,9.15565
9707,2.11271,1.53925
9719,45.9674,25.4931
9761,0.832194,0.98582
9802,0.628332,1.09858
9825,3.07094,2.59736
9910,0.334356,0.53856
9974,2.60123,1.56202
9975,1.74904,1.51365
10021,2.34158,1.66541
10079,3.46822,2.5211
10095,3.78976,2.64678
10139,131.663,79.0013
10200,15.2664,9.77274
10220,106.252,44.943
10221,0,0
10290,0,0
10320,0.473643,0.707867
10338,0,0
10351,6.35934,3.47162
10382,1.61563,1.43686
10428,2.47743,1.3834
10438,50.9572,14.665
10460,3.43889,1.65287
10506,19.2277,10.7871
10699,240.345,107.341
10713,1.96688,1.24263
10725,2.38076,1.79185
10749,0,0
10797,16.9878,8.90526
10879,1.80179,1.18199
10890,5.73061,5.97048
10934,2.83061,2.36552
10949,3.91646,3.01151
10963,9.75902,2.55836
10964,4.37213,3.66005
11044,8.25062,4.48335
11089,0,0
11141,5.56302,5.12163
11175,2.22527,1.3869
11208,9.41382,4.97381
11306,3.94807,2.18162
11324,3.09899,1.64008
11380,25.8872,21.0408
11395,1.65122,1.83562
11454,0.268808,0.682172
11498,10.8729,3.16079
11649,17.6863,8.79665
11650,2.57179,2.32498
11728,4.37597,2.39802
11729,87.9845,20.0115
11757,25.8074,12.3884
11789,0,0
11825,0.335924,0.472312
11826,1.53541,0.820742
11851,3.38062,1.66859
11852,2.34775,2.71676
11884,3.23504,3.61712
11936,17.8703,9.57003
11937,7.86162,15.4808
11949,3.51829,3.62202
11966,2.51264,2.61519
12042,6.11384,2.39512
12196,2.09974,2.34111
12227,0,0
12228,28.1088,11.4155
12352,5.70766,2.88985
12398,0,0
12427,4.17905,3.03636
12486,19.9013,4.75269
12502,9.2381,3.0846
12518,4.83723,2.46551
12594,6.63415,2.26454
12610,18.6609,6.25699
12715,7.54587,2.65157
12809,4.03653,1.45198
12894,10.3153,3.62615
12895,4.24931,2.22645
12939,5.95133,6.58046
12981,3.26127,1.78458
13185,3.54833,1.81497
13334,4.53327,2.832
13335,1.04686,0.954277
13396,6.08835,5.0026
13469,4.53585,1.55273
13504,5.42439,2.14909
13522,3.39451,2.86407
13636,1.42721,0.787136
13714,218.002,65.4085
13752,1.44306,1.27915
13837,3.05379,2.05145
13959,2.26087,1.98194
14120,40.5141,22.4938
14255,2.54902,1.10105
14354,38.4217,12.618
14366,4.60651,1.86687
14384,4.89042,2.4928
14405,0.166996,0.372972
14508,0,0
14580,108.243,48.6367
14608,1.90828,2.74353
14649,8.35964,4.09875
